sale_id,product_id,seller_first_name,seller_last_name,seller_employee_id,buyer_name,sale_date,quantity,unit_price,total_price,sale_status
SALE1000,PROD111,Scott,Boyd,EMP1119,Michael Brown,1995-10-31,1,31.34,31.34,Cancelled
SALE1001,PROD112,Susan,Horn,EMP1157,Laura Jones,1992-06-20,6,22.53,135.18,Pending
SALE1002,PROD101,Jennifer,Shaffer,EMP1267,Michael Jones,2007-04-27,8,41.31,330.48,Pending
SALE1003,PROD100,Jonathan,Gilbert,EMP1004,David Brown,1996-02-10,4,63.6,254.4,Cancelled
SALE1004,PROD116,Samantha,Hodges,EMP1078,David Garcia,1956-05-02,10,45.97,459.7,Cancelled
SALE1005,PROD108,Eduardo,Thompson,EMP1192,David Williams,2006-10-15,8,45.64,365.12,Pending
SALE1006,PROD103,Marcus,Nichols,EMP1087,David Brown,2019-03-02,2,42.72,85.44,Cancelled
SALE1007,PROD115,Christian,Massey,EMP1102,David Smith,1958-03-29,2,37.96,75.92,Cancelled
SALE1008,PROD116,Ronald,Kelley,EMP1205,Michael Williams,1995-06-08,5,76.73,383.65,Completed
SALE1009,PROD106,William,Taylor,EMP1207,David Johnson,1982-04-29,7,77.16,540.12,Pending
SALE1010,PROD112,Kelli,Wade,EMP1014,Emily Williams,2015-08-30,4,68.01,272.04,Cancelled
SALE1011,PROD116,Andrew,Thornton,EMP1013,Michael Smith,1971-07-21,3,62.38,187.14,Pending
SALE1012,PROD110,Amanda,Thomas,EMP1170,David Johnson,1984-06-22,3,85.59,256.77,Cancelled
SALE1013,PROD112,Michael,Smith,EMP1013,John Brown,1966-07-06,4,60.25,241.0,Cancelled
SALE1014,PROD114,Antonio,Hansen,EMP1139,Sarah Smith,1982-10-03,1,63.2,63.2,Completed
SALE1015,PROD112,Mark,Norman,EMP1001,Laura Brown,1996-05-14,6,71.31,427.86,Completed
SALE1016,PROD104,Christina,Watkins,EMP1021,Michael Jones,1984-02-18,1,41.77,41.77,Pending
SALE1017,PROD102,Christine,Collins,EMP1109,Sarah Garcia,2026-12-16,9,57.27,515.43,Pending
SALE1018,PROD106,Adam,Briggs,EMP1229,Sarah Johnson,1996-12-07,3,8.12,24.36,Pending
SALE1019,PROD120,Jennifer,Juarez,EMP1156,Laura Jones,1990-02-14,7,65.46,458.22,Completed
SALE1020,PROD109,Carlos,Guerrero,EMP1256,John Williams,2003-04-23,10,10.43,104.3,Pending
SALE1021,PROD101,Joshua,Baker,EMP1298,Laura Williams,1976-06-12,1,25.97,25.97,Pending
SALE1022,PROD119,Austin,Werner,EMP1044,Michael Williams,1996-01-30,8,80.5,644.0,Pending
SALE1023,PROD104,Cathy,Gutierrez,EMP1124,Michael Smith,2013-02-16,7,56.71,396.97,Cancelled
SALE1024,PROD106,Gregory,Brewer,EMP1260,David Brown,1997-11-07,4,86.31,345.24,Completed
SALE1025,PROD103,Michelle,Hall,EMP1287,Michael Smith,2009-05-17,7,99.09,693.63,Cancelled
SALE1026,PROD118,Dan,Carlson,EMP1171,Emily Williams,1988-07-29,7,76.61,536.27,Cancelled
SALE1027,PROD118,Jonathan,Brewer,EMP1169,David Johnson,2020-02-12,3,73.9,221.7,Cancelled
SALE1028,PROD115,Ashley,Smith,EMP1230,Emily Johnson,2018-07-31,9,14.97,134.73,Cancelled
SALE1029,PROD120,Jacob,Dickerson,EMP1195,John Williams,1981-12-30,1,81.91,81.91,Pending
SALE1030,PROD118,Michael,Vega,EMP1101,Emily Garcia,1976-07-02,7,86.89,608.23,Completed
SALE1031,PROD104,Luke,Smith,EMP1010,David Brown,1981-07-30,10,60.98,609.8,Pending
SALE1032,PROD117,Alexander,Duncan,EMP1000,Sarah Williams,2026-12-16,5,35.03,175.15,Completed
SALE1033,PROD106,Angela,Weber,EMP1081,Laura Johnson,1999-01-05,8,90.18,721.44,Pending
SALE1034,PROD115,Gregory,Schaefer,EMP1200,Sarah Smith,2020-11-09,6,20.17,121.02,Pending
SALE1035,PROD103,Ana,Horton MD,EMP1276,Michael Brown,2002-06-16,10,31.18,311.8,Completed
SALE1036,PROD113,Sophia,Reed,EMP1265,David Johnson,1999-12-14,2,75.04,150.08,Cancelled
SALE1037,PROD116,Jennifer,Lara,EMP1111,John Johnson,1957-03-24,7,17.88,125.16,Pending
SALE1038,PROD108,Cynthia,Richmond,EMP1120,Michael Johnson,1971-06-07,6,53.15,318.9,Pending
SALE1039,PROD108,Diane,Hess,EMP1023,David Smith,1997-05-22,6,39.62,237.72,Completed
SALE1040,PROD106,Sarah,Williams,EMP1117,Sarah Johnson,1990-04-09,8,29.36,234.88,Completed
SALE1041,PROD117,Douglas,Powers,EMP1076,Laura Smith,2018-03-11,10,64.54,645.4,Cancelled
SALE1042,PROD108,Edward,Clements,EMP1158,Emily Williams,1992-09-26,8,71.6,572.8,Pending
SALE1043,PROD103,Michael,Liu,EMP1243,Laura Smith,1971-08-25,5,92.89,464.45,Cancelled
SALE1044,PROD106,Terry,Daniels,EMP1219,Sarah Smith,2015-12-18,6,18.21,109.26,Pending
SALE1045,PROD115,Jennifer,Crawford,EMP1082,Sarah Brown,1966-07-21,10,77.55,775.5,Cancelled
SALE1046,PROD120,Hayden,Johnson,EMP1003,Emily Johnson,1980-10-04,1,61.64,61.64,Pending
SALE1047,PROD102,Ariana,Graham,EMP1114,John Williams,1992-07-17,9,23.14,208.26,Pending
SALE1048,PROD102,Micheal,Jackson,EMP1073,John Garcia,1977-12-02,6,65.74,394.44,Pending
SALE1049,PROD108,Angela,Wright,EMP1005,Sarah Williams,1995-07-03,8,91.67,733.36,Completed
SALE1050,PROD107,Antonio,Hansen,EMP1139,David Jones,1979-03-19,1,56.9,56.9,Completed
SALE1051,PROD111,Colton,Castaneda,EMP1173,David Brown,1967-11-25,5,98.02,490.1,Completed
SALE1052,PROD105,Karen,Perez,EMP1165,David Williams,1994-04-15,10,8.07,80.7,Cancelled
SALE1053,PROD105,Melissa,Griffith,EMP1144,Michael Smith,1953-03-06,3,86.98,260.94,Completed
SALE1054,PROD100,Joshua,Baker,EMP1298,Emily Jones,1974-02-19,8,20.78,166.24,Completed
SALE1055,PROD115,Jason,Johnson,EMP1061,Sarah Garcia,1975-09-11,10,77.33,773.3,Cancelled
SALE1056,PROD114,Michelle,Tran,EMP1089,Emily Williams,1967-11-15,9,35.34,318.06,Cancelled
SALE1057,PROD109,Tina,Pacheco,EMP1006,Laura Williams,1980-07-10,4,45.34,181.36,Pending
SALE1058,PROD103,Amber,Dawson,EMP1235,Sarah Brown,1977-09-19,3,22.5,67.5,Completed
SALE1059,PROD100,Jennifer,Juarez,EMP1156,David Williams,1989-11-01,4,63.86,255.44,Cancelled
SALE1060,PROD105,Kelli,Sanford,EMP1020,John Brown,1997-03-11,3,79.64,238.92,Pending
SALE1061,PROD104,Michelle,Hamilton,EMP1290,John Garcia,1959-09-28,2,45.29,90.58,Completed
SALE1062,PROD110,Kelli,Sanford,EMP1020,Sarah Garcia,2000-09-13,5,11.62,58.1,Completed
SALE1063,PROD113,William,Savage,EMP1116,David Smith,2019-01-22,7,41.01,287.07,Completed
SALE1064,PROD105,Jennifer,Shaffer,EMP1267,Laura Brown,2003-01-04,1,79.15,79.15,Cancelled
SALE1065,PROD110,Michael,Rosales,EMP1162,John Jones,1999-04-17,10,32.15,321.5,Pending
SALE1025,PROD104,Hayden,Johnson,EMP1285,John Johnson,1985-02-26,8,84.67,677.36,Pending
SALE1067,PROD100,William,Savage,EMP1116,Laura Brown,2018-10-04,5,59.23,296.15,Pending
SALE1068,PROD111,Rebecca,Wright DDS,EMP1000,Laura Jones,2011-12-15,7,97.0,679.0,Cancelled
SALE1069,PROD108,Scott,Grimes,EMP1186,Sarah Brown,1991-05-23,3,95.64,286.92,Completed
SALE1070,PROD119,Linda,Bailey,EMP1086,Michael Brown,2003-08-05,5,89.96,449.8,Completed
SALE1071,PROD101,Kristina,Hodge,EMP1042,Emily Garcia,1986-10-28,2,13.75,27.5,Completed
SALE1072,PROD105,Jacob,Dickerson,EMP1195,Laura Williams,1979-02-16,7,85.42,597.94,Completed
SALE1073,PROD120,Robert,Carroll,EMP1090,Sarah Garcia,1967-05-07,9,19.97,179.73,Completed
SALE1074,PROD108,Angel,Johnston,EMP1019,John Smith,1983-05-13,5,69.39,346.95,Pending
SALE1075,PROD100,Laura,Norris,EMP1136,Sarah Jones,2001-05-15,9,40.65,365.85,Cancelled
SALE1076,PROD108,Joshua,Brown,EMP1017,Sarah Jones,1997-09-19,1,79.16,79.16,Pending
SALE1077,PROD115,Melanie,Willis,EMP1130,Sarah Jones,1988-01-05,3,23.46,70.38,Completed
SALE1004,PROD101,Laura,Smith,EMP1001,Laura Garcia,2001-09-14,3,81.56,244.68,Pending
SALE1079,PROD110,Thomas,Ortega,EMP1261,Emily Williams,2000-07-16,8,75.97,607.76,Pending
SALE1080,PROD119,James,Smith,EMP1037,Sarah Smith,1983-11-10,5,96.81,484.05,Pending
SALE1081,PROD109,Natasha,Morrison,EMP1250,Laura Williams,2011-02-16,5,87.43,437.15,Pending
SALE1082,PROD109,Kristina,Hodge,EMP1042,Sarah Garcia,1989-04-04,4,54.04,216.16,Completed
SALE1083,PROD120,Courtney,Adams,EMP1279,David Smith,1960-01-18,3,52.59,157.77,Cancelled
SALE1084,PROD117,Linda,Bailey,EMP1086,Sarah Jones,2003-04-19,9,66.71,600.39,Cancelled
SALE1085,PROD107,Robert,Carroll,EMP1090,Sarah Garcia,1970-02-09,3,55.04,165.12,Pending
SALE1086,PROD114,Mia,James,EMP1002,Michael Jones,1997-01-17,6,93.71,562.26,Pending
SALE1087,PROD104,Michael,Vega,EMP1101,Laura Brown,1980-11-27,3,31.71,95.13,Pending
SALE1088,PROD106,Patrick,Brown,EMP1257,Michael Smith,1987-03-11,1,54.2,54.2,Pending
SALE1089,PROD117,Anna,Murphy DDS,EMP1227,Sarah Brown,1993-09-22,3,19.19,57.57,Pending
SALE1090,PROD104,Cory,Guzman,EMP1092,Sarah Brown,1981-07-30,8,14.11,112.88,Completed
SALE1091,PROD109,Michelle,Hamilton,EMP1290,David Williams,1957-04-11,2,54.86,109.72,Cancelled
SALE1092,PROD112,Katherine,Sandoval,EMP1123,John Smith,1981-05-26,7,71.84,502.88,Cancelled
SALE1093,PROD108,Adrian,Smith,EMP1237,David Brown,1982-12-22,5,15.13,75.65,Cancelled
SALE1094,PROD117,Nicole,Ramos,EMP1145,David Brown,2014-09-28,2,89.21,178.42,Pending
SALE1095,PROD106,Jeremiah,Mcknight,EMP1253,Emily Smith,1998-12-24,8,18.41,147.28,Completed
SALE1096,PROD103,Larry,Savage,EMP1225,Michael Brown,1997-11-03,7,81.52,570.64,Pending
SALE1097,PROD109,Todd,Brown,EMP1293,John Smith,1951-06-20,9,30.23,272.07,Pending
SALE1098,PROD110,Sarah,Williams,EMP1117,John Williams,1987-07-21,10,46.14,461.4,Pending
SALE1099,PROD109,Joseph,Nunez,EMP1040,Michael Garcia,1964-02-11,5,41.49,207.45,Completed
SALE1100,PROD107,Marcus,Nichols,EMP1087,Laura Smith,2018-03-10,9,33.14,298.26,Completed
SALE1101,PROD112,Rebecca,Harrison MD,EMP1299,Emily Williams,2013-01-02,10,54.62,546.2,Cancelled
SALE1102,PROD110,Emily,Fischer,EMP1094,Laura Smith,1986-05-14,6,33.98,203.88,Cancelled
SALE1103,PROD116,James,Carter,EMP1273,Sarah Garcia,1999-02-08,8,73.7,589.6,Cancelled
SALE1104,PROD114,Jamie,Hernandez,EMP1112,David Johnson,2010-07-09,3,86.23,258.69,Pending
SALE1105,PROD115,Mia,James,EMP1002,Emily Garcia,1992-08-29,5,45.98,229.9,Pending
SALE1106,PROD109,Marcus,Nichols,EMP1087,Michael Garcia,2017-08-09,7,12.31,86.17,Cancelled
SALE1107,PROD119,Colton,Castaneda,EMP1040,Michael Brown,1962-10-26,9,18.13,163.17,Pending
SALE1108,PROD120,Stephanie,Lee,EMP1271,John Smith,2004-01-25,7,29.76,208.32,Pending
SALE1109,PROD101,Karen,May,EMP1190,Emily Smith,2003-07-30,2,6.58,13.16,Pending
SALE1110,PROD104,Austin,Oneill,EMP1003,John Smith,1978-06-05,3,73.08,219.24,Pending
SALE1111,PROD118,Patricia,Thompson,EMP1103,Sarah Brown,2014-07-23,10,93.18,931.8,Cancelled
SALE1112,PROD109,Angela,Weber,EMP1081,Laura Jones,1998-12-28,10,16.3,163.0,Completed
SALE1113,PROD110,Joel,Smith,EMP1295,David Johnson,1999-03-16,8,57.82,462.56,Pending
SALE1114,PROD111,Miss,Sherri Palmer,EMP1001,John Johnson,2007-12-01,9,16.85,151.65,Pending
SALE1115,PROD105,Robert,Carroll,EMP1090,Sarah Johnson,1968-10-26,7,41.9,293.3,Pending
SALE1116,PROD116,Andrea,Hoffman,EMP1045,Emily Smith,2020-04-04,5,74.69,373.45,Pending
SALE1117,PROD100,Michael,Martinez,EMP1025,Emily Jones,1971-09-13,6,72.35,434.1,Cancelled
SALE1118,PROD104,Brandy,Gonzalez,EMP1118,John Jones,1977-07-10,3,32.44,97.32,Completed
SALE1119,PROD110,Brian,Rodriguez,EMP1001,Michael Jones,1996-08-11,7,50.7,354.9,Completed
SALE1120,PROD118,Brandon,Miller,EMP1003,Laura Johnson,1978-05-28,10,94.32,943.2,Pending
SALE1121,PROD112,Danielle,Rosales,EMP1001,Emily Smith,2009-02-01,10,18.21,182.1,Pending
SALE1122,PROD102,Brandon,Miller,EMP1263,John Brown,1983-01-20,8,10.38,83.04,Pending
SALE1123,PROD109,Rebecca,Harrison MD,EMP1000,Laura Williams,2011-03-23,3,68.14,204.42,Completed
SALE1124,PROD112,Richard,Salazar,EMP1051,Emily Garcia,1961-03-20,1,50.74,50.74,Cancelled
SALE1125,PROD101,Jennifer,Crawford,EMP1082,David Brown,1966-03-01,1,75.55,75.55,Completed
SALE1126,PROD108,Thomas,Ortega,EMP1261,Emily Garcia,1999-06-08,9,61.49,553.41,Pending
SALE1127,PROD100,Stacey,Garza,EMP1168,John Garcia,2003-05-30,4,78.69,314.76,Pending
SALE1128,PROD105,Michael,Liu,EMP1243,Sarah Williams,1968-12-10,2,12.76,25.52,Pending
SALE1129,PROD119,Christian,Massey,EMP1102,John Garcia,1954-04-14,2,63.54,127.08,Pending
SALE1130,PROD110,Gregory,Brewer,EMP1001,Emily Johnson,1992-11-22,9,56.17,505.53,Completed
SALE1131,PROD108,Christopher,Williams,EMP1163,Emily Johnson,1959-12-28,6,6.61,39.66,Completed
SALE1132,PROD116,Sarah,Williams,EMP1117,Sarah Williams,1989-03-11,6,63.69,382.14,Completed
SALE1133,PROD113,Susan,Horn,EMP1157,Laura Garcia,1997-09-24,2,44.11,88.22,Pending
SALE1134,PROD109,Dennis,Barker,EMP1003,John Jones,1988-06-06,5,99.35,496.75,Pending
SALE1135,PROD113,Suzanne,Adams,EMP1203,Sarah Williams,2011-09-10,2,96.26,192.52,Pending
SALE1012,PROD116,Matthew,Li,EMP1113,Laura Jones,1973-12-22,3,21.1,63.3,Cancelled
SALE1137,PROD107,Michael,Martinez,EMP1025,John Johnson,1974-05-08,10,26.63,266.3,Pending
SALE1138,PROD101,Angela,Wright,EMP1005,Sarah Garcia,1994-11-16,4,46.39,185.56,Pending
SALE1139,PROD114,Cynthia,Cook,EMP1063,Michael Brown,1984-10-18,2,22.93,45.86,Completed
SALE1140,PROD103,Peggy,Barker,EMP1057,Sarah Williams,2021-07-27,10,14.76,147.6,Pending
SALE1141,PROD115,Lee,Cohen,EMP1000,Emily Johnson,2026-12-16,3,96.91,290.73,Completed
SALE1142,PROD114,Shannon,Scott,EMP1266,David Garcia,1991-03-04,1,5.86,5.86,Completed
SALE1143,PROD113,Ronald,Rodriguez,EMP1231,John Johnson,1967-07-14,8,44.85,358.8,Completed
SALE1144,PROD106,Paul,Sullivan,EMP1026,Sarah Williams,2023-10-13,7,23.74,166.18,Completed
SALE1145,PROD104,Tina,Pacheco,EMP1006,Laura Garcia,1976-12-09,7,47.11,329.77,Cancelled
SALE1146,PROD114,Cathy,Lewis,EMP1083,Laura Garcia,1997-11-01,10,88.54,885.4,Completed
SALE1147,PROD119,Karen,Fields,EMP1079,Emily Williams,2003-07-13,8,90.38,723.04,Completed
SALE1148,PROD104,Michael,Vega,EMP1101,John Smith,1978-09-18,5,87.14,435.7,Completed
SALE1149,PROD102,Michael,Rosales,EMP1162,David Garcia,2004-03-29,7,26.44,185.08,Completed
SALE1150,PROD119,Loretta,Ross,EMP1050,Sarah Smith,1968-04-29,2,88.41,176.82,Cancelled
SALE1151,PROD102,Lawrence,Marshall,EMP1046,Laura Johnson,1975-04-24,8,94.03,752.24,Pending
SALE1152,PROD112,Kristina,Hodge,EMP1042,Sarah Garcia,1985-08-30,5,89.05,445.25,Completed
SALE1153,PROD102,Matthew,Li,EMP1113,Laura Brown,1975-08-19,5,84.11,420.55,Cancelled
SALE1154,PROD116,Frances,Lawson,EMP1224,Emily Jones,2001-10-25,3,33.6,100.8,Completed
SALE1155,PROD112,Todd,Johnson,EMP1053,Michael Brown,2002-12-08,2,37.27,74.54,Pending
SALE1156,PROD107,Thomas,Grant,EMP1254,David Jones,1982-10-03,1,42.93,42.93,Completed
SALE1157,PROD119,Jessica,Hampton,EMP1115,David Brown,2010-11-07,1,27.27,27.27,Cancelled
SALE1158,PROD117,Austin,Blake,EMP1068,Michael Garcia,1994-10-07,9,85.89,773.01,Cancelled
SALE1159,PROD108,Christine,Collins,EMP1109,David Brown,2026-12-16,9,44.51,400.59,Cancelled
SALE1160,PROD113,Patrick,Brown,EMP1257,Sarah Williams,1987-01-31,7,59.6,417.2,Cancelled
SALE1161,PROD102,Thomas,Ortega,EMP1261,Laura Johnson,1997-12-26,1,14.89,14.89,Completed
SALE1162,PROD110,Mia,James,EMP1002,Emily Johnson,1996-07-06,9,12.87,115.83,Completed
SALE1163,PROD106,Rebecca,Harrison MD,EMP1299,Emily Johnson,2014-11-13,4,40.39,161.56,Completed
SALE1164,PROD100,Amanda,Thomas,EMP1170,Sarah Johnson,1988-08-11,8,79.01,632.08,Completed
SALE1165,PROD105,Alan,Yang MD,EMP1100,Laura Williams,1995-05-18,8,15.95,127.6,Completed
SALE1166,PROD106,Thomas,Grant,EMP1254,David Jones,1982-05-19,9,88.46,796.14,Pending
SALE1167,PROD103,Jamie,Alvarez,EMP1039,John Smith,1999-12-23,10,98.58,985.8,Completed
SALE1168,PROD119,Denise,Wallace,EMP1143,Laura Smith,1974-02-10,8,85.16,681.28,Completed
SALE1169,PROD100,Priscilla,Valdez,EMP1138,Emily Williams,2016-11-06,5,53.49,267.45,Completed
SALE1170,PROD114,Amanda,Miller,EMP1126,David Williams,2003-10-20,1,45.39,45.39,Completed
SALE1171,PROD102,Laura,Norris,EMP1136,Laura Johnson,1999-05-10,2,71.58,143.16,Pending
SALE1030,PROD119,Ana,Everett,EMP1228,Emily Smith,2000-11-07,3,33.1,99.3,Completed
SALE1173,PROD116,Kayla,Cunningham,EMP1161,David Johnson,2002-01-28,10,57.12,571.2,Cancelled
SALE1174,PROD101,Stacy,Nelson,EMP1035,David Johnson,2006-12-16,6,73.34,440.04,Pending
SALE1175,PROD111,Ariana,Graham,EMP1114,Michael Brown,1995-12-25,5,61.34,306.7,Cancelled
SALE1176,PROD105,Amber,Fuller,EMP1184,Laura Smith,2024-10-20,4,89.86,359.44,Pending
SALE1177,PROD110,Karen,Wallace,EMP1293,David Garcia,1949-02-09,7,64.9,454.3,Pending
SALE1178,PROD105,Vickie,Stone,EMP1084,Laura Garcia,2015-11-29,8,53.22,425.76,Cancelled
SALE1179,PROD106,Karen,Bautista,EMP1095,John Brown,2018-01-15,3,56.81,170.43,Cancelled
SALE1180,PROD114,Joshua,Little,EMP1055,Emily Williams,1999-07-31,6,67.89,407.34,Completed
SALE1006,PROD119,Michelle,Tran,EMP1089,Michael Jones,1972-07-13,2,71.12,142.24,Pending
SALE1182,PROD113,Joel,Smith,EMP1295,Sarah Williams,2001-10-12,9,83.7,753.3,Pending
SALE1183,PROD106,Darrell,Gross,EMP1174,Sarah Brown,2000-03-03,4,89.26,357.04,Completed
SALE1184,PROD111,Terry,Smith,EMP1272,Michael Johnson,1990-03-22,5,13.59,67.95,Pending
SALE1185,PROD107,Alan,Smith,EMP1049,John Williams,1986-05-25,9,29.54,265.86,Cancelled
SALE1186,PROD116,Patricia,Thompson,EMP1103,John Johnson,2017-11-09,5,86.59,432.95,Completed
SALE1187,PROD103,Michael,Rosales,EMP1162,Emily Garcia,2002-10-07,5,61.95,309.75,Pending
SALE1188,PROD116,Jamie,Alvarez,EMP1039,Emily Jones,2001-10-03,9,12.72,114.48,Completed
SALE1189,PROD108,Jamie,Hernandez,EMP1112,Emily Johnson,2007-06-15,7,26.86,188.02,Completed
SALE1190,PROD113,Jared,Salinas,EMP1133,Sarah Garcia,1968-10-14,3,47.86,143.58,Cancelled
SALE1191,PROD111,Christopher,May,EMP1031,Emily Smith,1993-10-21,7,8.92,62.44,Cancelled
SALE1192,PROD110,Denise,Wallace,EMP1143,Emily Williams,1971-03-20,6,72.03,432.18,Cancelled
SALE1193,PROD100,Gregory,Schaefer,EMP1200,Sarah Johnson,2019-08-02,8,62.43,499.44,Pending
SALE1194,PROD113,Karen,Fields,EMP1079,Laura Jones,2005-04-09,7,13.99,97.93,Pending
SALE1195,PROD103,Terry,Smith,EMP1272,Laura Jones,1986-08-11,5,18.28,91.4,Pending
SALE1196,PROD109,Carlos,Guerrero,EMP1256,Michael Williams,2005-04-06,9,52.1,468.9,Cancelled
SALE1197,PROD101,Cindy,Watkins,EMP1252,Laura Williams,2014-12-14,5,39.96,199.8,Cancelled
SALE1198,PROD107,Jessica,Cox MD,EMP1003,John Jones,1985-07-24,3,59.31,177.93,Completed
SALE1199,PROD119,Tina,Pacheco,EMP1003,John Jones,1975-12-05,8,83.08,664.64,Pending
SALE1200,PROD120,Kelly,Glenn,EMP1241,John Smith,1963-11-23,7,31.79,222.53,Pending
SALE1201,PROD120,Cathy,Gutierrez,EMP1124,John Jones,2010-05-31,4,38.2,152.8,Completed
SALE1202,PROD114,Kelli,Sanford,EMP1020,Laura Jones,1997-11-01,8,68.59,548.72,Pending
SALE1203,PROD112,Michelle,Tran,EMP1022,Michael Jones,1965-04-28,5,62.83,314.15,Completed
SALE1204,PROD103,Christopher,Berry,EMP1141,Laura Smith,2011-03-21,2,25.16,50.32,Pending
SALE1205,PROD107,Patricia,Thompson,EMP1000,Sarah Garcia,2012-12-23,9,52.22,469.98,Cancelled
SALE1206,PROD115,Andrea,Wise,EMP1013,Emily Jones,1970-07-31,9,30.13,271.17,Completed
SALE1207,PROD101,Kristina,Hodge,EMP1042,John Johnson,1989-10-11,9,77.92,701.28,Pending
SALE1208,PROD117,Ariana,Graham,EMP1003,David Brown,1990-08-21,10,74.76,747.6,Completed
SALE1209,PROD108,Cory,Guzman,EMP1092,Sarah Garcia,1983-12-04,8,64.58,516.64,Cancelled
SALE1210,PROD105,Dennis,Nguyen,EMP1239,Michael Williams,1987-04-14,7,86.28,603.96,Completed
SALE1211,PROD110,Kayla,Cunningham,EMP1161,David Williams,2002-09-06,3,61.75,185.25,Completed
SALE1212,PROD102,Michelle,Hamilton,EMP1290,John Williams,1955-06-26,7,74.62,522.34,Completed
SALE1213,PROD109,Robert,Peters,EMP1288,Emily Johnson,1970-10-11,4,75.35,301.4,Pending
SALE1214,PROD105,Charles,Foley,EMP1074,Michael Brown,1976-12-30,3,25.77,77.31,Cancelled
SALE1215,PROD119,Paul,Harrell,EMP1148,Sarah Brown,1969-08-10,9,22.35,201.15,Cancelled
SALE1216,PROD110,Holly,Wilson,EMP1245,David Smith,1974-09-27,4,39.07,156.28,Cancelled
SALE1217,PROD112,Barbara,Jones,EMP1208,Laura Brown,1977-05-25,4,5.2,20.8,Completed
SALE1218,PROD104,Raven,Adams,EMP1178,Emily Brown,2000-12-22,9,54.01,486.09,Cancelled
SALE1219,PROD111,Anthony,Webb,EMP1029,Michael Jones,2008-03-19,3,19.42,58.26,Pending
SALE1220,PROD100,Robert,Carroll,EMP1090,Laura Johnson,1969-09-19,7,21.8,152.6,Completed
SALE1221,PROD107,Maureen,Orr,EMP1259,Michael Garcia,2006-07-05,5,45.7,228.5,Cancelled
SALE1222,PROD106,Christopher,Berry,EMP1141,Laura Johnson,2014-06-27,5,88.79,443.95,Cancelled
SALE1223,PROD108,Michelle,Tran,EMP1089,Laura Jones,1970-05-01,2,13.01,26.02,Completed
SALE1224,PROD117,Luis,Young,EMP1282,David Brown,2011-02-16,10,57.74,577.4,Pending
SALE1225,PROD103,Ashley,Ross,EMP1281,John Johnson,2006-07-05,10,83.5,835.0,Completed
SALE1226,PROD120,Kara,Morris,EMP1108,Laura Jones,1964-03-18,8,73.11,584.88,Pending
SALE1227,PROD109,Joseph,Nunez,EMP1040,John Williams,1966-07-23,4,35.99,143.96,Cancelled
SALE1228,PROD109,Jacob,Dickerson,EMP1195,Laura Brown,1979-08-30,10,69.38,693.8,Cancelled
SALE1229,PROD102,Jonathan,Gilbert,EMP1004,Michael Jones,1995-06-13,5,93.58,467.9,Completed
SALE1230,PROD106,Brandy,Gonzalez,EMP1118,David Garcia,1978-10-26,7,56.99,398.93,Completed
SALE1231,PROD106,Ashley,Carey,EMP1283,Michael Jones,1976-01-18,10,98.85,988.5,Cancelled
SALE1232,PROD116,Maureen,Orr,EMP1259,David Williams,2007-08-12,5,65.77,328.85,Pending
SALE1233,PROD117,Adam,Howard,EMP1202,David Smith,1984-11-26,3,56.8,170.4,Completed
SALE1234,PROD114,Melanie,Willis,EMP1130,Michael Jones,1992-05-27,9,72.7,654.3,Cancelled
SALE1235,PROD110,Amanda,Thomas,EMP1170,John Johnson,1983-05-14,1,34.32,34.32,Completed
SALE1236,PROD112,Ronald,Rodriguez,EMP1231,Michael Garcia,1971-12-01,7,46.48,325.36,Cancelled
SALE1237,PROD118,Edward,Clements,EMP1158,Emily Brown,1990-06-12,10,84.29,842.9,Cancelled
SALE1238,PROD119,Kristopher,Mills,EMP1296,Emily Jones,2001-03-22,5,33.89,169.45,Completed
SALE1239,PROD115,Cindy,Watkins,EMP1000,Michael Smith,2011-07-06,9,21.65,194.85,Completed
SALE1240,PROD100,Marcus,Nichols,EMP1087,Sarah Williams,2017-02-08,4,38.86,155.44,Pending
SALE1241,PROD120,Madison,Parks,EMP1233,Laura Garcia,2010-01-06,2,81.56,163.12,Pending
SALE1242,PROD111,Edward,Clements,EMP1158,David Smith,1990-09-29,2,63.64,127.28,Cancelled
SALE1243,PROD112,Luke,Smith,EMP1010,Emily Williams,1982-06-29,4,15.8,63.2,Cancelled
SALE1244,PROD116,Michael,Liu,EMP1243,David Williams,1971-10-19,7,9.1,63.7,Pending
SALE1245,PROD115,Bailey,Hill,EMP1234,David Williams,1983-06-28,4,96.94,387.76,Completed
SALE1246,PROD118,Larry,Price,EMP1003,John Williams,1987-06-03,2,14.84,29.68,Pending
SALE1247,PROD112,Elizabeth,Salazar,EMP1003,David Smith,1980-10-07,9,92.98,836.82,Cancelled
SALE1248,PROD110,Darrell,Gross,EMP1174,Sarah Johnson,2001-07-01,7,26.47,185.29,Completed
SALE1249,PROD104,Barry,Young,EMP1137,Emily Johnson,1995-02-04,10,30.65,306.5,Pending
SALE1250,PROD109,Jerome,Richard,EMP1024,Michael Jones,2003-03-28,1,79.94,79.94,Cancelled
SALE1251,PROD108,Jacqueline,White,EMP1066,David Williams,2025-10-09,4,95.21,380.84,Cancelled
SALE1252,PROD104,Miranda,Robinson,EMP1070,Sarah Garcia,2004-07-05,10,61.4,614.0,Completed
SALE1253,PROD106,Victoria,Case,EMP1058,David Smith,2014-05-13,1,58.72,58.72,Pending
SALE1254,PROD110,Jamie,Alvarez,EMP1039,Michael Williams,2001-01-01,7,71.28,498.96,Completed
SALE1255,PROD105,Alan,Smith,EMP1049,Emily Brown,1985-06-29,10,88.24,882.4,Completed
SALE1256,PROD107,Ronald,Kelley,EMP1205,John Smith,1997-02-26,3,41.78,125.34,Cancelled
SALE1257,PROD113,Antonio,Hansen,EMP1139,Sarah Williams,1979-04-11,9,7.72,69.48,Pending
SALE1258,PROD101,Danielle,Rosales,EMP1164,David Garcia,2012-07-21,3,94.54,283.62,Cancelled
SALE1259,PROD112,Kimberly,Torres MD,EMP1003,Michael Garcia,1986-08-19,3,43.35,130.05,Pending
SALE1260,PROD109,Michael,Liu,EMP1243,Laura Johnson,1969-07-28,8,59.55,476.4,Pending
SALE1261,PROD101,Richard,Rogers,EMP1104,David Williams,1960-02-25,1,93.98,93.98,Cancelled
SALE1262,PROD105,Kimberly,Torres MD,EMP1008,John Johnson,1989-06-21,8,80.33,642.64,Cancelled
SALE1263,PROD113,Stephanie,Castillo,EMP1213,David Brown,1991-11-23,9,39.95,359.55,Pending
SALE1264,PROD114,Michael,Gregory,EMP1067,Sarah Johnson,1975-08-26,10,73.32,733.2,Cancelled
SALE1265,PROD112,Jesse,Hansen,EMP1015,Sarah Williams,2017-09-30,7,65.24,456.68,Pending
SALE1266,PROD107,Ronald,Rodriguez,EMP1231,Sarah Garcia,1970-10-31,7,54.57,381.99,Completed
SALE1267,PROD115,Robert,Weber,EMP1211,David Williams,1977-04-21,8,99.92,799.36,Completed
SALE1268,PROD101,Dennis,Barker,EMP1152,David Jones,1991-07-08,6,78.29,469.74,Cancelled
SALE1269,PROD103,Suzanne,Adams,EMP1203,David Smith,2015-02-02,6,83.57,501.42,Completed
SALE1270,PROD112,Andrea,Wise,EMP1226,Sarah Johnson,1977-07-24,1,70.62,70.62,Cancelled
SALE1271,PROD109,Scott,Brown,EMP1098,Laura Brown,1994-11-09,3,23.17,69.51,Completed
SALE1272,PROD102,Raven,Adams,EMP1178,John Garcia,2001-08-11,2,19.83,39.66,Cancelled
SALE1273,PROD110,Daniel,Suarez MD,EMP1043,Michael Smith,1994-01-02,3,66.76,200.28,Pending
SALE1274,PROD104,Thomas,Ortega,EMP1261,Sarah Jones,2000-08-19,7,65.81,460.67,Completed
SALE1275,PROD118,David,Williams,EMP1176,John Brown,2022-02-13,2,83.65,167.3,Pending
SALE1276,PROD108,Michelle,Alexander,EMP1142,Michael Williams,1975-11-26,10,21.53,215.3,Pending
SALE1277,PROD100,Scott,Ferguson,EMP1196,Emily Williams,1969-08-03,10,42.01,420.1,Pending
SALE1278,PROD106,Raven,Adams,EMP1178,David Smith,1999-06-14,9,57.46,517.14,Pending
SALE1279,PROD104,Jackson,Ramirez,EMP1033,Emily Brown,2006-03-11,2,16.34,32.68,Cancelled
SALE1280,PROD109,Tiffany,Williams,EMP1001,David Johnson,1999-10-25,10,68.47,684.7,Completed
SALE1281,PROD120,Christopher,May,EMP1031,John Brown,1995-09-21,10,12.39,123.9,Pending
SALE1282,PROD106,Robert,Peters,EMP1288,Sarah Williams,1973-11-05,6,11.18,67.08,Completed
SALE1283,PROD116,Alicia,Taylor,EMP1011,Sarah Jones,2019-02-13,1,34.5,34.5,Pending
SALE1284,PROD119,Loretta,Ross,EMP1013,Sarah Smith,1966-06-30,7,42.38,296.66,Cancelled
SALE1285,PROD101,Jessica,Moore,EMP1197,David Garcia,1985-10-22,10,57.42,574.2,Cancelled
SALE1286,PROD110,Shannon,Scott,EMP1266,Emily Smith,1990-03-12,9,73.57,662.13,Completed
SALE1001,PROD118,Susan,Horn,EMP1157,Sarah Brown,1996-02-29,4,88.99,355.96,Completed
SALE1288,PROD115,Michael,Vega,EMP1101,John Garcia,1976-04-28,5,53.14,265.7,Pending
SALE1289,PROD107,Melinda,Williams,EMP1003,Emily Brown,1987-12-09,3,65.52,196.56,Pending
SALE1290,PROD114,Linda,Bailey,EMP1086,John Garcia,2003-06-13,2,15.91,31.82,Completed
SALE1291,PROD107,Terri,Lang,EMP1216,Sarah Jones,2018-04-21,1,8.2,8.2,Pending
SALE1292,PROD118,Scott,Ferguson,EMP1196,Emily Johnson,1968-09-30,10,27.35,273.5,Cancelled
SALE1036,PROD111,Kelly,Glenn,EMP1241,Laura Johnson,1964-05-09,10,10.96,109.6,Pending
SALE1294,PROD113,Lori,Perez,EMP1292,Sarah Williams,1978-03-04,4,17.17,68.68,Pending
SALE1028,PROD105,Larry,Price,EMP1242,Michael Jones,1990-04-02,9,15.93,143.37,Pending
SALE1296,PROD110,Alex,Anderson,EMP1077,Sarah Jones,1995-04-05,7,24.68,172.76,Pending
SALE1297,PROD115,Joshua,Brown,EMP1017,David Williams,1996-07-21,2,75.96,151.92,Pending
SALE1298,PROD109,Lori,Perez,EMP1292,Laura Brown,1980-04-24,8,41.38,331.04,Completed
SALE1299,PROD119,Anna,Murphy DDS,EMP1227,Emily Johnson,1996-07-14,1,23.9,23.9,Cancelled
SALE1300,PROD120,James,Carter,EMP1273,Emily Jones,1998-01-06,6,91.55,549.3,Completed
SALE1301,PROD110,Mark,Sims,EMP1018,David Jones,1991-02-08,7,5.06,35.42,Completed
SALE1302,PROD119,Robert,Peters,EMP1288,Emily Jones,1971-05-15,4,64.29,257.16,Completed
SALE1303,PROD106,Daniel,Suarez MD,EMP1043,Laura Jones,1993-09-05,5,79.53,397.65,Pending
SALE1304,PROD116,Kristina,Hodge,EMP1042,John Smith,1987-04-26,4,52.68,210.72,Completed
SALE1305,PROD100,Suzanne,Adams,EMP1203,Michael Johnson,2014-10-01,10,16.8,168.0,Completed
SALE1306,PROD118,Courtney,Adams,EMP1279,Sarah Smith,1962-11-30,10,31.03,310.3,Completed
SALE1307,PROD109,Kristin,Newman,EMP1001,John Smith,1999-07-08,5,52.58,262.9,Completed
SALE1308,PROD107,Dan,Carlson,EMP1171,Michael Jones,1992-11-17,9,20.32,182.88,Completed
SALE1309,PROD105,Thomas,Grant,EMP1003,Sarah Williams,1980-04-08,4,39.03,156.12,Cancelled
SALE1310,PROD116,Michael,Vega,EMP1003,Emily Williams,1974-10-05,3,45.2,135.6,Completed
SALE1311,PROD110,Amanda,Brady,EMP1175,Emily Smith,2012-08-22,10,12.31,123.1,Pending
SALE1312,PROD101,Marcus,Nichols,EMP1087,John Brown,2017-07-11,5,21.87,109.35,Cancelled
SALE1313,PROD114,Molly,Gonzalez,EMP1215,Emily Smith,2012-06-17,2,21.97,43.94,Cancelled
SALE1314,PROD119,Jared,Salinas,EMP1133,Emily Smith,1970-11-30,5,46.67,233.35,Cancelled
SALE1315,PROD120,Jessica,Hampton,EMP1115,John Brown,2010-08-22,6,28.62,171.72,Cancelled
SALE1316,PROD116,Cesar,Sanchez,EMP1000,Emily Smith,2026-12-16,2,46.44,92.88,Cancelled
SALE1317,PROD117,Melissa,Rios,EMP1191,David Johnson,2019-04-17,5,65.19,325.95,Pending
SALE1318,PROD109,James,Carter,EMP1273,Laura Johnson,1997-08-19,6,18.36,110.16,Pending
SALE1319,PROD119,Joshua,Wilson,EMP1032,Emily Brown,1971-08-18,6,27.55,165.3,Completed
SALE1320,PROD110,Shannon,Scott,EMP1266,John Smith,1986-10-25,7,21.04,147.28,Cancelled
SALE1321,PROD103,Carol,Giles,EMP1000,Laura Brown,2026-12-16,9,75.18,676.62,Pending
SALE1322,PROD120,Corey,Stevens,EMP1054,Emily Jones,2000-11-15,10,12.29,122.9,Completed
SALE1323,PROD109,Daniel,Mack,EMP1199,Michael Williams,1991-10-15,5,91.02,455.1,Pending
SALE1324,PROD104,Bryan,Park,EMP1065,John Brown,1989-08-17,8,19.76,158.08,Pending
SALE1325,PROD110,Colton,Castaneda,EMP1173,John Jones,1964-11-26,2,73.43,146.86,Cancelled
SALE1326,PROD114,Jennifer,Shaffer,EMP1267,David Williams,2006-01-29,9,67.78,610.02,Completed
SALE1327,PROD120,Patrick,Phillips,EMP1206,Emily Johnson,2003-06-10,6,52.06,312.36,Pending
SALE1328,PROD105,Madison,Parks,EMP1233,Sarah Brown,2010-08-13,7,83.64,585.48,Completed
SALE1329,PROD117,Angela,Black,EMP1251,Laura Jones,1965-11-24,3,61.43,184.29,Pending
SALE1330,PROD109,Carol,Giles,EMP1000,Michael Smith,2026-12-16,4,85.76,343.04,Completed
SALE1331,PROD103,Frances,Lawson,EMP1224,John Jones,2002-01-03,7,17.79,124.53,Completed
SALE1332,PROD114,Thomas,Ortega,EMP1001,Laura Jones,1993-12-05,4,17.0,68.0,Cancelled
SALE1333,PROD120,Thomas,Young,EMP1270,Michael Smith,2026-12-16,5,22.8,114.0,Pending
SALE1334,PROD117,Dana,Davis,EMP1194,Sarah Smith,1983-02-18,6,98.28,589.68,Pending
SALE1335,PROD111,Diane,Hess,EMP1023,Laura Jones,1998-07-18,6,76.12,456.72,Pending
SALE1336,PROD112,Christopher,Williams,EMP1163,Michael Garcia,1962-10-26,5,64.65,323.25,Completed
SALE1337,PROD114,Cindy,Watkins,EMP1252,David Williams,2018-11-29,8,28.21,225.68,Completed
SALE1338,PROD116,Jason,Davenport,EMP1125,David Brown,2026-12-16,5,17.57,87.85,Cancelled
SALE1039,PROD116,Makayla,Gonzales,EMP1278,Laura Smith,1984-12-20,3,59.82,179.46,Completed
SALE1340,PROD102,Emily,Fischer,EMP1094,Laura Smith,1985-10-29,4,49.34,197.36,Cancelled
SALE1341,PROD102,Michael,Liu,EMP1243,Sarah Garcia,1968-09-19,9,42.48,382.32,Completed
SALE1342,PROD119,Kimberly,Torres MD,EMP1008,Laura Brown,1988-12-24,2,15.5,31.0,Completed
SALE1343,PROD102,Paul,Harrell,EMP1148,John Garcia,1965-09-22,10,78.35,783.5,Pending
SALE1344,PROD117,Joshua,Hill,EMP1013,David Garcia,1970-05-15,3,72.23,216.69,Pending
SALE1345,PROD108,Robert,Herrera,EMP1182,Laura Johnson,1984-03-07,3,22.19,66.57,Pending
SALE1346,PROD106,Donald,Sherman,EMP1013,Michael Smith,1969-06-09,4,89.37,357.48,Completed
SALE1347,PROD112,Angela,Wright,EMP1005,Michael Brown,1994-05-24,8,72.7,581.6,Pending
SALE1348,PROD119,Joshua,Andrews,EMP1222,Sarah Smith,2005-05-07,8,93.22,745.76,Pending
SALE1349,PROD109,Sharon,Bass,EMP1003,John Garcia,1990-08-09,10,88.01,880.1,Cancelled
SALE1350,PROD111,Robert,Peters,EMP1288,Michael Johnson,1972-03-21,10,17.56,175.6,Completed
SALE1351,PROD102,Megan,Gonzalez,EMP1149,Sarah Brown,2011-09-20,6,14.19,85.14,Completed
SALE1352,PROD118,Madison,Parks,EMP1233,David Smith,2009-05-29,3,77.83,233.49,Pending
SALE1353,PROD106,Bailey,Hill,EMP1234,Michael Jones,1985-04-25,2,64.42,128.84,Cancelled
SALE1354,PROD119,Thomas,Young,EMP1270,Emily Smith,2026-12-16,8,84.55,676.4,Cancelled
SALE1355,PROD111,Shannon,Scott,EMP1266,Sarah Johnson,1986-07-14,1,83.23,83.23,Completed
SALE1356,PROD104,Thomas,Grant,EMP1254,David Brown,1982-11-25,5,50.78,253.9,Completed
SALE1010,PROD104,Kathy,Adams,EMP1027,Sarah Garcia,1998-02-17,8,92.55,740.4,Cancelled
SALE1358,PROD116,Joshua,Little,EMP1055,Laura Garcia,1998-02-09,4,93.06,372.24,Cancelled
SALE1359,PROD115,Patrick,Phillips,EMP1206,David Garcia,2000-09-25,3,89.76,269.28,Cancelled
SALE1360,PROD108,Ashley,Smith,EMP1230,Laura Smith,2016-06-12,10,64.15,641.5,Completed
SALE1361,PROD113,Thomas,Young,EMP1270,Emily Smith,2026-12-16,2,10.02,20.04,Cancelled
SALE1362,PROD100,Micheal,Mccoy,EMP1097,Laura Williams,2014-06-26,5,7.28,36.4,Cancelled
SALE1363,PROD108,William,Taylor,EMP1207,Emily Williams,1983-11-13,2,82.01,164.02,Cancelled
SALE1364,PROD104,Cindy,Watkins,EMP1252,Michael Johnson,2014-11-08,8,44.64,357.12,Completed
SALE1365,PROD103,Amber,Dawson,EMP1003,Michael Brown,1974-11-13,10,21.46,214.6,Cancelled
SALE1366,PROD103,Daniel,Mack,EMP1199,Michael Johnson,1991-07-16,1,44.89,44.89,Cancelled
SALE1367,PROD115,Madison,Parks,EMP1233,Emily Johnson,2008-02-20,3,84.48,253.44,Completed
SALE1368,PROD114,James,Carter,EMP1273,Sarah Smith,1995-05-30,1,74.66,74.66,Completed
SALE1369,PROD120,Karen,Fields,EMP1079,Michael Johnson,2003-11-17,9,94.17,847.53,Pending
SALE1370,PROD112,Melanie,Willis,EMP1003,John Brown,1986-09-29,4,11.29,45.16,Pending
SALE1015,PROD114,Caleb,Thompson,EMP1280,John Smith,1970-12-09,8,18.24,145.92,Cancelled
SALE1372,PROD105,Nancy,Fisher,EMP1232,Michael Garcia,1987-06-17,9,7.04,63.36,Pending
SALE1373,PROD120,Diane,Hess,EMP1023,Emily Garcia,2000-07-14,2,64.84,129.68,Cancelled
SALE1374,PROD104,Megan,Gonzalez,EMP1149,Sarah Brown,2010-10-20,5,42.89,214.45,Cancelled
SALE1375,PROD105,Shannon,Scott,EMP1003,Emily Williams,1984-05-13,1,17.48,17.48,Cancelled
SALE1376,PROD108,Charles,Foley,EMP1074,Emily Garcia,1978-07-27,10,94.98,949.8,Completed
SALE1377,PROD114,Alexander,Duncan,EMP1000,Sarah Williams,2026-12-16,10,50.74,507.4,Pending
SALE1378,PROD108,Robert,Carroll,EMP1090,David Brown,1968-12-08,6,24.24,145.44,Cancelled
SALE1379,PROD109,Susan,Horn,EMP1157,Laura Jones,1995-10-25,1,66.64,66.64,Pending
SALE1380,PROD104,Jacob,Dickerson,EMP1195,Michael Jones,1981-03-28,3,67.35,202.05,Cancelled
SALE1381,PROD101,Andrew,Thornton,EMP1013,Laura Johnson,1971-05-19,10,72.42,724.2,Pending
SALE1382,PROD105,Joshua,Brown,EMP1017,Emily Smith,1994-09-24,2,60.75,121.5,Cancelled
SALE1383,PROD102,Amanda,Brady,EMP1175,Sarah Brown,2011-10-11,10,18.9,189.0,Cancelled
SALE1384,PROD120,Amber,Dawson,EMP1003,Emily Brown,1975-07-06,5,32.83,164.15,Completed
SALE1385,PROD107,Michael,Liu,EMP1243,John Williams,1971-04-08,2,19.94,39.88,Cancelled
SALE1386,PROD112,Kristin,Newman,EMP1172,Sarah Jones,2003-02-27,3,71.49,214.47,Cancelled
SALE1387,PROD114,Donald,Sherman,EMP1246,Emily Jones,1975-12-19,1,68.48,68.48,Pending
SALE1388,PROD112,Mackenzie,Cox DVM,EMP1166,Michael Williams,1964-06-14,4,6.73,26.92,Pending
SALE1389,PROD104,Jessica,Hampton,EMP1115,Laura Johnson,2012-07-28,8,51.31,410.48,Cancelled
SALE1390,PROD105,Dana,Davis,EMP1194,Laura Garcia,1987-07-14,10,30.59,305.9,Pending
SALE1391,PROD107,Priscilla,Valdez,EMP1138,Laura Smith,2016-05-31,9,14.95,134.55,Pending
SALE1392,PROD120,Barbara,Jones,EMP1208,David Garcia,1975-06-08,4,13.06,52.24,Completed
SALE1393,PROD102,Danielle,Rosales,EMP1164,Emily Jones,2014-06-20,6,10.23,61.38,Completed
SALE1394,PROD105,Rebecca,Wright DDS,EMP1180,Michael Garcia,2017-02-15,4,83.95,335.8,Completed
SALE1395,PROD119,Molly,Gonzalez,EMP1215,Michael Williams,2016-06-16,10,42.58,425.8,Cancelled
SALE1020,PROD105,Joshua,Wilson,EMP1032,David Williams,1971-06-22,2,41.9,83.8,Cancelled
SALE1397,PROD111,Colton,Castaneda,EMP1173,Laura Jones,1965-11-14,10,55.47,554.7,Pending
SALE1398,PROD120,Alan,Smith,EMP1003,Michael Jones,1983-03-22,10,7.29,72.9,Completed
SALE1399,PROD110,David,Williams,EMP1176,Sarah Williams,2020-02-06,8,35.1,280.8,Cancelled
SALE1400,PROD116,Sarah,Williams,EMP1117,David Jones,1991-05-09,8,17.03,136.24,Pending
SALE1401,PROD117,Alan,Smith,EMP1049,Michael Garcia,1988-01-30,1,54.68,54.68,Completed
SALE1402,PROD101,Victoria,Case,EMP1058,Michael Williams,2014-03-06,8,28.68,229.44,Completed
SALE1403,PROD113,Tanner,Anderson,EMP1297,Sarah Williams,1994-12-11,1,14.83,14.83,Pending
SALE1404,PROD109,Bailey,Hill,EMP1234,Emily Williams,1983-11-19,2,36.86,73.72,Pending
SALE1405,PROD102,Micheal,Jackson,EMP1073,Sarah Brown,1975-08-31,3,66.92,200.76,Cancelled
SALE1406,PROD100,Cindy,Watkins,EMP1252,Sarah Williams,2017-08-22,4,73.44,293.76,Pending
SALE1407,PROD100,Jerome,Richard,EMP1024,Sarah Garcia,2003-03-03,3,52.47,157.41,Pending
SALE1408,PROD117,Cathy,Lewis,EMP1083,Michael Brown,1999-10-18,6,83.53,501.18,Cancelled
SALE1409,PROD118,Angela,Black,EMP1251,Emily Garcia,1966-06-21,10,83.81,838.1,Completed
SALE1410,PROD102,Jessica,Cox MD,EMP1154,Sarah Smith,1989-06-11,4,55.45,221.8,Pending
SALE1411,PROD110,Richard,Rogers,EMP1051,Emily Williams,1958-12-03,5,40.72,203.6,Cancelled
SALE1412,PROD116,Patrick,Brown,EMP1003,David Williams,1982-03-23,2,10.44,20.88,Completed
SALE1413,PROD112,Timothy,Miller,EMP1258,Michael Johnson,1986-12-22,1,97.07,97.07,Completed
SALE1414,PROD120,Adam,Briggs,EMP1229,Emily Williams,2001-02-21,5,68.44,342.2,Completed
SALE1415,PROD103,Michael,Price,EMP1134,Laura Smith,1971-07-17,4,8.49,33.96,Completed
SALE1416,PROD101,Terri,Lang,EMP1216,Sarah Brown,2020-09-09,7,55.12,385.84,Cancelled
SALE1417,PROD100,Michele,Erickson,EMP1247,Emily Williams,1995-04-08,8,43.68,349.44,Pending
SALE1418,PROD112,Michael,Flores,EMP1085,Michael Smith,2023-09-26,10,73.39,733.9,Cancelled
SALE1419,PROD120,Jessica,Nguyen,EMP1075,David Williams,2005-04-02,5,83.04,415.2,Completed
SALE1420,PROD110,Tiffany,Williams,EMP1001,John Williams,2001-07-26,4,34.59,138.36,Completed
SALE1421,PROD112,Michelle,Hall,EMP1287,Sarah Garcia,2007-07-02,2,65.46,130.92,Completed
SALE1422,PROD102,Cory,Guzman,EMP1092,David Johnson,1980-10-13,4,22.61,90.44,Cancelled
SALE1423,PROD120,Tiffany,Williams,EMP1198,Emily Jones,2002-06-30,6,44.54,267.24,Pending
SALE1424,PROD114,Robert,Weber,EMP1211,Emily Johnson,1980-03-16,5,15.39,76.95,Pending
SALE1425,PROD118,Dennis,Nguyen,EMP1239,Sarah Johnson,1989-12-03,3,21.26,63.78,Pending
SALE1426,PROD115,Jason,Mathews,EMP1223,Laura Garcia,2019-06-29,7,94.66,662.62,Cancelled
SALE1427,PROD119,James,Chavez,EMP1159,Emily Garcia,2009-03-07,8,56.35,450.8,Pending
SALE1428,PROD111,Robert,Weber,EMP1211,Laura Brown,1979-12-22,10,49.16,491.6,Pending
SALE1429,PROD111,Ariana,Graham,EMP1114,Sarah Jones,1994-11-30,5,68.8,344.0,Cancelled
SALE1430,PROD101,Scott,Brown,EMP1098,Emily Garcia,1996-02-25,6,82.67,496.02,Pending
SALE1431,PROD118,Adrian,Smith,EMP1237,Laura Johnson,1980-03-14,5,16.59,82.95,Completed
SALE1432,PROD112,Natasha,Reid,EMP1185,Michael Smith,2002-08-04,3,93.59,280.77,Cancelled
SALE1433,PROD119,Elizabeth,Baker,EMP1183,John Brown,1991-04-04,3,15.45,46.35,Pending
SALE1434,PROD113,Christopher,Berry,EMP1141,David Johnson,2012-02-22,9,45.4,408.6,Pending
SALE1435,PROD120,Marcus,Nichols,EMP1087,David Jones,2016-01-10,9,17.46,157.14,Pending
SALE1436,PROD110,Ashley,Carey,EMP1283,Michael Williams,1977-01-26,7,76.38,534.66,Pending
SALE1437,PROD101,James,Chavez,EMP1159,John Brown,2009-05-14,1,24.67,24.67,Completed
SALE1438,PROD104,Christina,Watkins,EMP1003,Sarah Williams,1981-05-30,1,26.28,26.28,Completed
SALE1439,PROD117,Dana,Davis,EMP1194,Michael Johnson,1985-04-21,5,35.76,178.8,Completed
SALE1440,PROD111,Jared,Salinas,EMP1022,Laura Smith,1963-08-15,8,33.45,267.6,Cancelled
SALE1441,PROD110,James,Carter,EMP1273,John Williams,1998-05-27,6,63.12,378.72,Pending
SALE1442,PROD115,Jason,Johnson,EMP1061,David Jones,1976-01-05,10,20.32,203.2,Completed
SALE1443,PROD107,Andrew,Thornton,EMP1022,Emily Smith,1966-01-23,2,26.37,52.74,Cancelled
SALE1444,PROD103,Mackenzie,Cox DVM,EMP1166,John Williams,1965-09-02,10,61.81,618.1,Pending
SALE1001,PROD116,Susan,Horn,EMP1157,John Johnson,1994-02-07,6,24.55,147.3,Pending
SALE1446,PROD108,Luis,Young,EMP1282,Michael Johnson,2008-12-09,6,7.55,45.3,Pending
SALE1447,PROD100,Raven,Adams,EMP1178,David Williams,2001-07-02,2,46.21,92.42,Cancelled
SALE1448,PROD107,Alan,Smith,EMP1049,John Garcia,1989-01-28,4,17.63,70.52,Cancelled
SALE1449,PROD112,Alex,Anderson,EMP1077,Laura Brown,1998-09-22,3,88.6,265.8,Completed
SALE1450,PROD119,Robert,Weber,EMP1211,Sarah Jones,1981-02-13,8,27.44,219.52,Completed
SALE1451,PROD104,Alan,Smith,EMP1049,Sarah Jones,1987-05-13,10,51.71,517.1,Completed
SALE1452,PROD117,Ana,Horton MD,EMP1276,Michael Smith,2004-08-29,6,15.59,93.54,Completed
SALE1453,PROD119,Michael,Gregory,EMP1067,David Williams,1972-12-26,10,61.79,617.9,Completed
SALE1454,PROD108,Jenny,Daniel,EMP1146,Emily Williams,2001-02-03,9,14.58,131.22,Completed
SALE1455,PROD116,Luke,Smith,EMP1010,Sarah Smith,1981-08-06,10,31.57,315.7,Pending
SALE1456,PROD113,Denise,Wallace,EMP1143,Emily Jones,1971-04-18,10,30.21,302.1,Cancelled
SALE1457,PROD115,Diane,Jones,EMP1275,Emily Johnson,1959-07-23,6,47.7,286.2,Completed
SALE1458,PROD113,Dennis,Nguyen,EMP1239,David Garcia,1988-11-16,5,18.46,92.3,Cancelled
SALE1459,PROD105,Mary,Rosales,EMP1160,David Jones,2010-02-19,2,67.74,135.48,Pending
SALE1460,PROD104,Richard,Rogers,EMP1104,Laura Smith,1962-03-31,7,76.67,536.69,Cancelled
SALE1461,PROD108,Sharon,Bass,EMP1001,Sarah Jones,1994-07-21,6,69.0,414.0,Pending
SALE1462,PROD117,Caleb,Thompson,EMP1022,Laura Smith,1964-10-23,3,28.99,86.97,Pending
SALE1463,PROD113,Antonio,Hansen,EMP1139,Sarah Williams,1979-11-14,9,57.34,516.06,Cancelled
SALE1464,PROD107,Christopher,Berry,EMP1141,John Garcia,2010-11-07,4,86.42,345.68,Cancelled
SALE1465,PROD104,Emily,Fischer,EMP1094,Emily Smith,1983-10-23,1,25.76,25.76,Pending
SALE1466,PROD100,Melissa,Rodriguez,EMP1248,Sarah Smith,1981-04-22,9,19.9,179.1,Cancelled
SALE1467,PROD117,Jacob,Dickerson,EMP1195,Michael Brown,1977-08-01,6,31.74,190.44,Completed
SALE1468,PROD103,Joseph,Nunez,EMP1040,John Brown,1963-07-27,7,50.29,352.03,Completed
SALE1469,PROD104,Amy,Hines,EMP1249,Laura Williams,1989-05-25,5,44.35,221.75,Pending
SALE1470,PROD115,Lawrence,Harris,EMP1072,Michael Johnson,2010-02-11,8,39.66,317.28,Completed
SALE1471,PROD101,Sharon,Bass,EMP1001,Laura Smith,1995-01-05,6,23.79,142.74,Completed
SALE1472,PROD105,Timothy,Miller,EMP1003,John Brown,1984-07-03,1,29.74,29.74,Completed
SALE1473,PROD118,Elizabeth,Baker,EMP1003,John Jones,1987-07-04,2,12.16,24.32,Pending
SALE1474,PROD103,Andrea,Hoffman,EMP1045,Emily Johnson,2022-07-02,6,33.04,198.24,Pending
SALE1475,PROD112,Robert,Carroll,EMP1090,Laura Brown,1967-08-20,1,8.53,8.53,Pending
SALE1476,PROD116,Erin,Scott,EMP1069,Sarah Brown,2026-12-16,8,34.68,277.44,Completed
SALE1477,PROD101,Edward,Roy,EMP1001,David Garcia,2003-01-29,1,10.08,10.08,Completed
SALE1478,PROD116,Michael,Flores,EMP1085,Laura Brown,2023-07-01,9,26.36,237.24,Cancelled
SALE1479,PROD110,Scott,Boyd,EMP1119,Michael Williams,1998-11-11,2,92.43,184.86,Completed
SALE1480,PROD101,Jasmine,Matthews,EMP1036,Sarah Johnson,2003-01-22,5,35.35,176.75,Completed
SALE1481,PROD101,Dennis,Nguyen,EMP1239,Laura Jones,1988-10-08,5,89.82,449.1,Cancelled
SALE1482,PROD102,Peggy,Barker,EMP1057,Laura Williams,2021-02-12,2,24.78,49.56,Completed
SALE1483,PROD107,Amanda,Miller,EMP1126,David Johnson,2004-02-18,8,50.53,404.24,Completed
SALE1484,PROD114,Barry,Young,EMP1137,Laura Williams,1995-09-21,3,82.25,246.75,Completed
SALE1485,PROD104,Robin,Pitts,EMP1188,Sarah Williams,2009-11-27,6,23.68,142.08,Cancelled
SALE1486,PROD106,Joshua,Baker,EMP1298,Sarah Brown,1974-01-06,5,86.46,432.3,Cancelled
SALE1487,PROD109,Karen,Bautista,EMP1095,Laura Smith,2020-01-03,10,7.14,71.4,Cancelled
SALE1488,PROD114,Louis,Mccullough,EMP1277,David Jones,1986-08-11,3,51.65,154.95,Cancelled
SALE1007,PROD107,Courtney,Adams,EMP1279,Michael Garcia,1961-05-05,9,58.46,526.14,Completed
SALE1490,PROD101,Jesse,Hansen,EMP1015,Laura Jones,2019-06-05,2,14.75,29.5,Cancelled
SALE1491,PROD111,Antonio,Hansen,EMP1139,Emily Brown,1980-08-24,1,60.26,60.26,Pending
SALE1492,PROD104,Brooke,Bell,EMP1140,David Johnson,1990-05-17,6,67.0,402.0,Completed
SALE1493,PROD105,Elizabeth,Bradshaw,EMP1217,Emily Brown,1987-02-27,2,98.18,196.36,Cancelled
SALE1494,PROD105,Joel,Smith,EMP1295,Sarah Smith,1999-09-06,9,22.3,200.7,Cancelled
SALE1020,PROD103,Patrick,Brown,EMP1257,Michael Smith,1984-05-30,9,16.15,145.35,Cancelled
SALE1496,PROD109,Natasha,Reid,EMP1185,Sarah Williams,2006-01-14,10,50.17,501.7,Cancelled
SALE1497,PROD113,Joan,White,EMP1059,Emily Smith,1990-12-10,7,92.28,645.96,Pending
SALE1498,PROD103,Timothy,Miller,EMP1258,Emily Jones,1988-01-06,2,20.7,41.4,Pending
SALE1499,PROD105,Alan,Smith,EMP1049,David Johnson,1988-11-10,9,71.54,643.86,Pending
